{
    "version": "0.2.0",
    "configurations": [
        {
            "name": "empty_driverlib_project_cpu1",
            "type": "ccs-debug",
            "request": "launch",
            "projectInfo": {
                "name": "empty_driverlib_project_cpu1",
                "resourceId": "/empty_driverlib_project_cpu1"
            },
            "connections": [
                {
                    "name": "Texas Instruments XDS100v2 USB Debug Probe_0",
                    "cores": [
                        {
                            "name": "C28xx_CPU1",
                            "debuggerSettings": {
                                "data": "<?xml version=\"1.0\" encoding=\"UTF-8\" standalone=\"no\" ?>\n<PropertyValues/>\n"
                            }
                        }
                    ]
                }
            ],
            "launchSettings": {
                "coresToLoadForProjectLaunch": [
                    "C28xx_CPU1"
                ]
            }
        },
        {
            "name": "empty_driverlib_project_cpu2",
            "type": "ccs-debug",
            "request": "launch",
            "projectInfo": {
                "name": "empty_driverlib_project_cpu2",
                "resourceId": "/empty_driverlib_project_cpu2"
            },
            "connections": [
                {
                    "name": "Texas Instruments XDS100v2 USB Debug Probe_0",
                    "cores": [
                        {
                            "name": "C28xx_CPU1",
                            "debuggerSettings": {
                                "data": "<?xml version=\"1.0\" encoding=\"UTF-8\" standalone=\"no\" ?>\n<PropertyValues/>\n"
                            }
                        }
                    ]
                }
            ]
        }
    ]
}